There are 0 apples in the basket, टोकरी में ० सेब हैं।
I have 1 pencil in my bag, मेरी बैग में १ पेंसिल है।
I need 2 more chairs, मुझे २ और कुर्सियाँ चाहिए।
We have 3 books on the shelf, शेल्फ पर ३ किताबें हैं।
There are 4 people in my family, मेरे परिवार में ४ लोग हैं।
I bought 5 shirts yesterday, मैंने कल ५ शर्ट्स खरीदी।
I have 6 cousins, मेरे पास ६ कजिन हैं।
There are 7 days in a week, एक हफ्ते में ७ दिन होते हैं।
The box contains 8 toys, बॉक्स में ८ खिलौने हैं।
I want 9 cookies, मुझे ९ बिस्कुट चाहिए।
There are 10 chairs in the room, कमरे में १० कुर्सियाँ हैं।
I saw 11 birds in the park, मैंने पार्क में ११ पक्षी देखे।
The train arrives at 12 o'clock, ट्रेन १२ बजे आती है।
There are 13 students in my class, मेरी कक्षा में १३ छात्र हैं।
My house has 14 rooms, मेरे घर में १४ कमरे हैं।
I need 15 minutes to finish my work, मुझे अपना काम खत्म करने के लिए १५ मिनट चाहिए।
He is 16 years old, वह १६ साल का है।
There are 17 people at the party, पार्टी में १७ लोग हैं।
I will be 18 tomorrow, मैं कल १८ साल का हो जाऊँगा।
There are 19 players in the team, टीम में १९ खिलाड़ी हैं।
We have 20 minutes to reach the station, हमें स्टेशन पहुँचने के लिए २० मिनट हैं।
She is 21 years old, वह २१ साल की है।
I have 22 candies in my bag, मेरी बैग में २२ कैंडीज़ हैं।
I saw 23 animals at the zoo, मैंने चिड़ियाघर में २३ जानवर देखे।
My father has 24 books on his desk, मेरे पिता के डेस्क पर २४ किताबें हैं।
There are 25 students in the class, कक्षा में २५ छात्र हैं।
I need 26 dollars to buy this, मुझे इसे खरीदने के लिए २६ डॉलर चाहिए।
There are 27 rooms in the hotel, होटल में २७ कमरे हैं।
The shop opens at 28 minutes past 9, दुकान ९ बजकर २८ मिनट पर खुलती है।
I have 29 pencils, मेरे पास २९ पेंसिलें हैं।
There are 30 people at the event, इवेंट में ३० लोग हैं।
I will be 31 years old next month, मैं अगले महीने ३१ साल का हो जाऊँगा।
There are 32 players in the tournament, टूर्नामेंट में ३२ खिलाड़ी हैं।
My father is 33 years old, मेरे पिता ३३ साल के हैं।
There are 34 trees in the park, पार्क में ३४ पेड़ हैं।
I have 35 books in my library, मेरी लाइब्रेरी में ३५ किताबें हैं।
There are 36 chairs in the hall, हॉल में ३६ कुर्सियाँ हैं।
There are 37 people in the bus, बस में ३७ लोग हैं।
The room is 38 feet long, कमरे की लंबाई ३८ फीट है।
There are 39 students in my school, मेरे स्कूल में ३९ छात्र हैं।
There are 40 workers in the factory, फैक्ट्री में ४० मजदूर हैं।
There are 41 cars in the parking lot, पार्किंग लॉट में ४१ कारें हैं।
I have 42 books in my collection, मेरी संग्रह में ४२ किताबें हैं।
There are 43 chairs in the restaurant, रेस्टोरेंट में ४३ कुर्सियाँ हैं।
I will buy 44 tickets for the concert, मैं संगीत कार्यक्रम के लिए ४४ टिकट खरीदूँगा।
There are 45 students in the classroom, कक्षा में ४५ छात्र हैं।
I have 46 stamps in my collection, मेरी संग्रह में ४६ स्टांप्स हैं।
There are 47 cars on the street, सड़क पर ४७ कारें हैं।
The store is 48 meters away, दुकान ४८ मीटर दूर है।
There are 49 people in the hall, हॉल में ४९ लोग हैं।
I have 50 rupees in my pocket, मेरी जेब में ५० रुपए हैं।
The sum of five and three is eight,पाँच और तीन का जोड़ आठ है।
Subtraction of two from five gives three,पाँच में से दो का घटाव तीन देता है।
The plus-minus sign is often used in mathematics,प्लस-ऋण चिह्न का उपयोग अक्सर गणित में होता है।
Multiplication of four and six results in twenty-four,चार और छह का गुणा चौबीस होता है।
Division of ten by two equals five,दस को दो से भाग करने पर पाँच मिलता है।
He scored ninety percent on the test,उसने परीक्षा में नब्बे प्रतिशत अंक प्राप्त किए।
Since it is raining, we should stay inside,चूंकि बारिश हो रही है, इसलिए हमें अंदर ही रहना चाहिए।
He was late, therefore he missed the bus,वह देर से आया, इसलिए वह बस से चूक गया।
The roof of the house is shaped like a triangle,घर की छत त्रिभुज के आकार की है।
I love eating fresh guava in the winter,मुझे सर्दियों में ताजा अमरूद खाना पसंद है।
I bought some fresh blueberry from the market,मैंने बाजार से ताजा ब्लूबेरी खरीदी।
Lychee is my favorite fruit during the summer,गर्मी के दौरान लीची मेरा पसंदीदा फल है।
She loves eating ripe peaches in the morning,वह सुबह के समय पके आडू खाना पसंद करती है।
I had a delicious pear for breakfast,मैंने नाश्ते में स्वादिष्ट नाशपाती खाई।
Plum trees are in full bloom in the garden,बग़ीचे में आलूबुखारा के पेड़ पूरी तरह से खिले हुए हैं।
I want to eat strawberry with whipped cream,मैं व्हिप्ड क्रीम के साथ स्ट्रॉबेरी खाना चाहता हूँ।
Musk melon is a refreshing fruit during hot days,गर्म दिनों में खरबूजा एक ताजगी देने वाला फल है।
Grapefruit juice is sour but very healthy,मौसमी का रस खट्टा होता है लेकिन बहुत स्वस्थ होता है।
Java plums are known for their sweetness,जामुन अपनी मिठास के लिए प्रसिद्ध होते हैं।
I bought ripe sapodilla from the local market,मैंने स्थानीय बाजार से पके चीकू खरीदे।
Cherries are in season right now,चेरी अभी मौसम में हैं।
An apple a day keeps the doctor away,एक सेब रोज़ डॉक्टर को दूर रखता है।
Banana is a quick and healthy snack,केला एक त्वरित और स्वस्थ नाश्ता है।
I drink pomegranate juice every morning,मैं हर सुबह अनार का रस पीता हूँ।
Mangoes are the king of fruits,आम फलो का राजा है।
I like drinking fresh orange juice,मुझे ताजा संतरे का रस पीना पसंद है।
Pineapple is both sweet and tangy,अनानास मीठा और खट्टा दोनों होता है।
I eat grapes as a snack in the evening,मैं शाम को नाश्ते के रूप में अंगूर खाता हूँ।
Watermelon is very refreshing in the summer,गर्मियों में तरबूज बहुत ताजगी देने वाला होता है।
I love eating papaya after lunch,मुझे दोपहर के भोजन के बाद पपीता खाना पसंद है।
The apple is red,सेब लाल है।
The sunflower is yellow,सूरजमुखी पीला है।
The grass is green in the park,पार्क में घास हरी है।
The cat is black,बिल्ली काली है।
The clouds are white,बादल सफेद हैं।
The carrot is orange,गाजर संतरी रंग की है।
The sky is blue today,आसमान आज नीला है।
The flower is purple,फूल बैंगनी रंग का है।
The elephant is grey,हाथी स्लेटी रंग का है।
She wore a pink dress,उसने गुलाबी रंग का कपड़ा पहना।
The dog is brown,कुत्ता भूरा है।
Magenta is a vibrant color,गहरा गुलाबी एक चमकीला रंग है।
The peach is soft and juicy,पीच नरम और रसीला होता है।
Forty-two is my lucky number,बयालीस मेरा भाग्यशाली नंबर है।
Forty-three students attended the class,कक्षा में तैतालीस छात्र आए थे।
Forty-four is a square number,चवालीस एक पूर्णांक है।
Forty-five minutes is the duration of the meeting,बैठक की अवधि पैंतालीस मिनट है।
Forty-six people are coming to the party,पार्टी में छयालिस लोग आ रहे हैं।
Forty-seven books are on the shelf,रैक पर सैंतालीस किताबें रखी हैं।
I have forty-eight books in my collection,मेरे पास मेरी संग्रह में अड़तालीस किताबें हैं।
There are forty-nine students in the class,कक्षा में उनचास छात्र हैं।
I bought fifty apples from the market,मैंने बाजार से पचास सेब खरीदे।
There are twenty chairs in the room,कमरे में बीस कुर्सियाँ हैं।
I will turn twenty-one next month,मैं अगले महीने इक्कीस साल का हो जाऊँगा।
She is twenty-two years old,वह बाईस साल की है।
There are twenty-three students in my class,मेरी कक्षा में तेइस छात्र हैं।
He is working twenty-four hours a day,वह हर दिन चौबीस घंटे काम करता है।
The book costs twenty-five rupees,किताब की कीमत पच्चीस रुपये है।
I will be twenty-six years old next year,मैं अगले साल छब्बीस साल का हो जाऊँगा।
My sister is twenty-seven years old,मेरी बहन सताइस साल की है।
The meeting is scheduled for twenty-eight minutes,बैठक अट्ठाइस मिनट के लिए निर्धारित की गई है।
There are twenty-nine students in the class,कक्षा में उनतीस छात्र हैं।
I will arrive in thirty minutes,मैं तीस मिनट में पहुँच जाऊँगा।
There are thirty-one days in January,जनवरी में इकतीस दिन होते हैं।
The temperature will reach thirty-two degrees,तापमान बतीस डिग्री तक पहुँच जाएगा।
My father is thirty-three years old,मेरे पिता तैंतीस साल के हैं।
There are thirty-four people in the meeting,बैठक में चौंतीस लोग हैं।
The book has thirty-five chapters,किताब में पैंतीस अध्याय हैं।
She runs six kilometers in thirty-six minutes,वह छत्तीस मिनट में छह किलोमीटर दौड़ती है।
I have thirty-seven paintings in my gallery,मेरे गैलरी में सैंतालीस पेंटिंग्स हैं।
He is working on the project for thirty-eight hours,वह इस परियोजना पर अड़तीस घंटे काम कर रहा है।
There are thirty-nine students in the class,कक्षा में उनतालीस छात्र हैं।
The price of the item is forty rupees,वस्तु की कीमत चालीस रुपये है।
I have forty-one friends on social media,मेरे सोशल मीडिया पर इकतालीस दोस्त हैं।
There are zero apples in the basket,टोकरी में शून्य सेब हैं।
I have one pencil in my bag,मेरी बैग में एक पेंसिल है।
I will take two cookies,मैं दो बिस्कुट लूँगा।
There are three books on the table,टेबल पर तीन किताबें हैं।
She has four dogs at home,उसके पास घर में चार कुत्ते हैं।
I have five friends in my class,मेरी कक्षा में पांच दोस्त हैं।
The book has six chapters,किताब में छह अध्याय हैं।
We will leave at seven o'clock,हम सात बजे निकलेंगे।
There are eight players on the team,टीम में आठ खिलाड़ी हैं।
The building has nine floors,इमारत में नौ मंजिलें हैं।
I have ten fingers on my hands,मेरे हाथों में दस अंगुलियाँ हैं।
The train leaves at eleven o'clock,ट्रेन ग्यारह बजे निकलती है।
There are twelve months in a year,एक साल में बारह महीने होते हैं।
She is thirteen years old,वह तेरह साल की है।
There are fourteen students in the classroom,कक्षा में चौदह छात्र हैं।
I have fifteen coins in my pocket,मेरी जेब में पंद्रह सिक्के हैं।
She is sixteen years old,वह सोलह साल की है।
The event starts at seventeen hours,यह घटना सत्रह घंटे पर शुरू होती है।
I will turn eighteen next month,मैं अगले महीने अठारह साल का हो जाऊँगा।
I have nineteen pencils in my bag,मेरी बैग में उन्नीस पेंसिलें हैं।
We go to the park every Sunday,हम हर रविवार को पार्क जाते हैं।
She goes for a walk every Sunday,वह हर इतवार को सैर पर जाती है।
Monday is the first day of the week,सोमवार हफ्ते का पहला दिन है।
I have a meeting on Tuesday,मेरी मंगलवार को एक बैठक है।
We have a holiday on Wednesday,हमारे पास बुधवार को छुट्टी है।
He works on Thursday,वह गुरुवार को काम करता है।
The store is closed on Thursday,दुकान बृहस्पतिवार को बंद रहती है।
I study on Thursday evenings,मैं वीरवार की शाम को पढ़ाई करता हूँ।
Friday is my favorite day,शुक्रवार मेरा पसंदीदा दिन है।
We watch movies on Saturday nights,हम शनिवार रात को फिल्में देखते हैं।
The party is on Saturday,सनीचर को पार्टी है।