instruction,english,hindi
Translate the following sentence to Hindi:,Framework,ढाँचा
Please provide the Hindi translation for the following sentence:,Mechanics,यांत्रिकी
How would you say this in Hindi?,Atomic,परमाण्विक
Convert the given sentence into Hindi:,Molecular,आण्विक
What is the Hindi equivalent of this sentence?,Photo electric effect,प्रकाश वैद्युत प्रभाव
Translate this sentence into Hindi:,Quantum,क्वांटम
Provide the Hindi version of the following:,Antiparticle,प्रतिकण
How do you translate this sentence to Hindi?,Discipline,विषय
Rewrite the following in Hindi:,Anti-electron,प्रति-इलेक्ट्रॉन
Hindi translation of this sentence is required:,Unification,एकीकरण
Neeche diye gaye vaakya ko Hindi mein anuvaad karein:,Reduction,न्यूनीकरण
Kripya is vaakya ka Hindi anuvaad pradaan karein:,Constituent,अवयव
Is vaakya ko Hindi mein kaise kahenge?,Macroscopic,स्थूल
Diya gaya vaakya Hindi mein badlein:,Concept,"धारणा, संकल्पना"
Is vaakya ka Hindi samanarth kya hai?,Universal,सार्वत्रिक
Is vaakya ko Hindi mein anuvaad karein:,Domain,प्रभावक्षेत्र
Kripya neeche diye gaye vaakya ka Hindi roop pradaan karein:,Gravitation,गुरुत्वाकर्षण
Is vaakya ko Hindi mein kaise translate karenge?,Electromagnet,वैद्युत चुंबक
Neeche likha gaya vaakya Hindi mein likhein:,Kinetic theory,अणुगति सिद्धांत
Is vaakya ka Hindi translation pradaan karein:,Statistical mechanics,सांख्यिकीय यांत्रिकी
Translate the following sentence to Hindi:,Temperature,ताप
Please provide the Hindi translation for the following sentence:,Average,औसत
How would you say this in Hindi?,Mean,माध्य
Convert the given sentence into Hindi:,Terrestrial,पार्थिव
What is the Hindi equivalent of this sentence?,Celestial Object,आकाशीय पिंड
Translate this sentence into Hindi:,Eclipse,ग्रहण
Provide the Hindi version of the following:,Tide,ज्वारभाटा
How do you translate this sentence to Hindi?,Volcano,ज्वालामुखी
Rewrite the following in Hindi:,Rainbow,इन्द्रधनुष
Hindi translation of this sentence is required:,Phenomena,परिघटना
Neeche diye gaye vaakya ko Hindi mein anuvaad karein:,Interaction,अन्योन्य क्रिया
Kripya is vaakya ka Hindi anuvaad pradaan karein:,Technology,प्रौद्योगिकी
Is vaakya ko Hindi mein kaise kahenge?,Observation,प्रेक्षण
Diya gaya vaakya Hindi mein badlein:,Qualitative,गुणात्मक
Is vaakya ka Hindi samanarth kya hai?,Quantitative,मात्रत्मक
Is vaakya ko Hindi mein anuvaad karein:,Prediction,पूर्वानुमान
Kripya neeche diye gaye vaakya ka Hindi roop pradaan karein:,Modelling,प्रतिरूपण
Is vaakya ko Hindi mein kaise translate karenge?,Verification,सत्यापन
Neeche likha gaya vaakya Hindi mein likhein:,Speculation,परिकल्पना
Is vaakya ka Hindi translation pradaan karein:,Conjecture,अटकलबाजी
Translate the following sentence to Hindi:,Accuracy,यथार्थता
Please provide the Hindi translation for the following sentence:,Precision,परिशुद्धता
How would you say this in Hindi?,Elliptical,दीर्घवृत्तीय
Convert the given sentence into Hindi:,Heliocentric,सूर्य-केन्द्रीय
What is the Hindi equivalent of this sentence?,Planetary,ग्रहीय
Translate this sentence into Hindi:,Orbit,कक्षा
Provide the Hindi version of the following:,Scattering,प्रकीर्णन
How do you translate this sentence to Hindi?,Interplay,पारस्परिक क्रिया
Rewrite the following in Hindi:,Astronomical,खगोलीय
Hindi translation of this sentence is required:,Radioactive,"विघटनाभिक, रेडियोऐक्टिव"
Neeche diye gaye vaakya ko Hindi mein anuvaad karein:,Nucleus,नाभिक
Kripya is vaakya ka Hindi anuvaad pradaan karein:,Nuclear fusion,नाभिकीय संलयन
Is vaakya ko Hindi mein kaise kahenge?,Nuclear fission,नाभिकीय विखंडन
Diya gaya vaakya Hindi mein badlein:,Chain reaction,शृंखला अभिक्रिया
Is vaakya ka Hindi samanarth kya hai?,Binding energy,बंधन ऊर्जा
Is vaakya ko Hindi mein anuvaad karein:,Annihilation,विलोपन
Kripya neeche diye gaye vaakya ka Hindi roop pradaan karein:,Classical Physics,चिरसम्मत भौतिकी
Is vaakya ko Hindi mein kaise translate karenge?,Equilibrium,"संतुलन, साम्यावस्था"
Neeche likha gaya vaakya Hindi mein likhein:,Electrodynamics,"वैद्युतगतिकी, विद्युत्-गतिकी"
Is vaakya ka Hindi translation pradaan karein:,Optics,प्रकाशिकी
Translate the following sentence to Hindi:,Thermodynamics,ऊष्मागतिकी
Please provide the Hindi translation for the following sentence:,Magnetic field,चुंबकीय क्षेत्र
How would you say this in Hindi?,System,निकाय
Convert the given sentence into Hindi:,Ionosphere,आयनमंडल
What is the Hindi equivalent of this sentence?,Efficiency,दक्षता
Translate this sentence into Hindi:,Range,परास
Provide the Hindi version of the following:,Rigid body,दृढ़ पिंड
How do you translate this sentence to Hindi?,Current carrying conductor,विद्युत्वाही चालक
Rewrite the following in Hindi:,Elementary particles,मूल कण
Hindi translation of this sentence is required:,Air resistance,वायु प्रतिरोध
Neeche diye gaye vaakya ko Hindi mein anuvaad karein:,Evacuated,निर्वातित
Kripya is vaakya ka Hindi anuvaad pradaan karein:,Free fall,मुक्त पतन
Is vaakya ko Hindi mein kaise kahenge?,Galaxy,आकाशगंगा
Diya gaya vaakya Hindi mein badlein:,Universe,विश्व
Is vaakya ka Hindi samanarth kya hai?,Physical quantity,भौतिक राशि
Is vaakya ko Hindi mein anuvaad karein:,Applied Physics,अनुप्रयुक्त भौतिकी
Kripya neeche diye gaye vaakya ka Hindi roop pradaan karein:,Measurement,मापन
Is vaakya ko Hindi mein kaise translate karenge?,Approximation,सन्निकटन
Neeche likha gaya vaakya Hindi mein likhein:,Acceleration,त्वरण
Is vaakya ka Hindi translation pradaan karein:,Acceleration due to gravity,गुरुत्वीय त्वरण
Translate the following sentence to Hindi:,Resistance,प्रतिरोध
Please provide the Hindi translation for the following sentence:,Communication,संचार
How would you say this in Hindi?,Applications,अनुप्रयोग
Convert the given sentence into Hindi:,Nuclear Weapon,आण्विक शस्त्र
What is the Hindi equivalent of this sentence?,Nuclear power reactor,आण्विक शक्ति रिएक्टर
Translate this sentence into Hindi:,Neutron induced fission,न्यूट्रॉन-प्रेरित विखंडन
Provide the Hindi version of the following:,Alternative energy source,वैकल्पिक ऊर्जा स्रोत
How do you translate this sentence to Hindi?,Fossil fuel,जीवाश्मी ईंधन
Rewrite the following in Hindi:,Solar energy,सौर ऊर्जा
Hindi translation of this sentence is required:,Geothermal energy,भूतापीय ऊर्जा
Neeche diye gaye vaakya ko Hindi mein anuvaad karein:,Genetic engineering,आनुवंशिक अभियांत्रिकी
Kripya is vaakya ka Hindi anuvaad pradaan karein:,Impact,आघात
Is vaakya ko Hindi mein kaise kahenge?,Muscular force,पेशीय बल
Diya gaya vaakya Hindi mein badlein:,Contact force,स्पर्शीय बल
Is vaakya ka Hindi samanarth kya hai?,Friction,घर्षण
Is vaakya ko Hindi mein anuvaad karein:,spring,कमानी
Kripya neeche diye gaye vaakya ka Hindi roop pradaan karein:,tension,तनाव
Is vaakya ko Hindi mein kaise translate karenge?,buoyancy,उत्प्लावकता
Neeche likha gaya vaakya Hindi mein likhein:,Viscous force,श्यानता
Is vaakya ka Hindi translation pradaan karein:,Surface tension,पृष्ठ तनाव
Translate the following sentence to Hindi:,Microscopic domain,सूक्ष्म प्रभाव क्षेत्र
Please provide the Hindi translation for the following sentence:,Intermolecular,अंतराण्विक
How would you say this in Hindi?,Interatomic,अंतरपरमाण्विक
Convert the given sentence into Hindi:,Fundamental force,मूल बल
What is the Hindi equivalent of this sentence?,Elastic force,प्रत्यास्थ बल
Translate this sentence into Hindi:,Derived force,व्युत्पन्न बल
Provide the Hindi version of the following:,Empirical law,आनुभविक नियम
How do you translate this sentence to Hindi?,Directly proportional,अनुक्रमानुपाती
Rewrite the following in Hindi:,Inversely proportional,व्युत्क्रमानुपाती
Hindi translation of this sentence is required:,Artificial satellites,कृत्रिम उपग्रह
Neeche diye gaye vaakya ko Hindi mein anuvaad karein:,Galactic cluster,मंदाकिनीय गुच्छे
Kripya is vaakya ka Hindi anuvaad pradaan karein:,Unlike charges,विजातीय आवेश
Is vaakya ko Hindi mein kaise kahenge?,Like charges,सजातीय आवेश
Diya gaya vaakya Hindi mein badlein:,Repulsive force,प्रतिकर्षण बल
Is vaakya ka Hindi samanarth kya hai?,Charged constituents,आवेशयुक्त संघटन
Is vaakya ko Hindi mein anuvaad karein:,Instantaneous,तात्क्षणिक
Kripya neeche diye gaye vaakya ka Hindi roop pradaan karein:,Normally,अभिलंबवत्
Is vaakya ko Hindi mein kaise translate karenge?,Vertical,ऊर्ध्वाधर
Neeche likha gaya vaakya Hindi mein likhein:,Perpendicularly,लंबवत्
Is vaakya ka Hindi translation pradaan karein:,Horizontal,क्षैतिज
Translate the following sentence to Hindi:,Medium,माध्यम
Please provide the Hindi translation for the following sentence:,Dynamics,गतिकी
How would you say this in Hindi?,Wave theory,तरंग सिद्धांत
Convert the given sentence into Hindi:,Radiation,विकिरण
What is the Hindi equivalent of this sentence?,Brownian motion,ब्राउनी गति
Translate this sentence into Hindi:,Special theory of relativity,आपेक्षिकता का विशिष्ट सिद्धांत
Provide the Hindi version of the following:,Physicist,भौतिकविद्
How do you translate this sentence to Hindi?,Mass-energy equivalence,द्रव्यमान-ऊर्जा तुल्यता
Rewrite the following in Hindi:,General theory of relativity,आपेक्षिकता का व्यापक सिद्धांत
Hindi translation of this sentence is required:,Stimulated emission,उद्दीपित उत्सर्जन
Neeche diye gaye vaakya ko Hindi mein anuvaad karein:,Black body,कृष्णिका
Kripya is vaakya ka Hindi anuvaad pradaan karein:,Cosmology,ब्रह्मांडिकी
Is vaakya ko Hindi mein kaise kahenge?,Massive boson,स्थूल बोसॉन
Diya gaya vaakya Hindi mein badlein:,Critical,क्रांतिक
Is vaakya ka Hindi samanarth kya hai?,Neutral,उदासीन
Is vaakya ko Hindi mein anuvaad karein:,Cancel,निरस्त
Kripya neeche diye gaye vaakya ka Hindi roop pradaan karein:,Intrinsic,आंतरिक
Is vaakya ko Hindi mein kaise translate karenge?,Emitted,"उत्सर्जित, निर्गत"
Neeche likha gaya vaakya Hindi mein likhein:,Bose-Einstein Statistics,बोस-आइंस्टाइन सांख्यिकी
Is vaakya ka Hindi translation pradaan karein:,Fermi-Dirac Statistics,फर्मी-डिरॉक सांख्यिकी
Translate the following sentence to Hindi:,Maxwell-Boltzamann Statistics,मैक्सवैल-बोल्ट्जमान सांख्यिकी
Please provide the Hindi translation for the following sentence:,Pauli exclusion principle,पाउली अपवर्जन सिद्धांत
How would you say this in Hindi?,Spin,प्रचक्रण
Convert the given sentence into Hindi:,Half integer,अर्धपूर्णांक
What is the Hindi equivalent of this sentence?,High energy collision,उच्च ऊर्जा संघट्टð
Translate this sentence into Hindi:,Nuclear process,नाभिकीय प्रक्रिया
Provide the Hindi version of the following:,Decay,क्षय
How do you translate this sentence to Hindi?,Exchange,विनिमय
Rewrite the following in Hindi:,Momentum,संवेग
Hindi translation of this sentence is required:,Impulse,आवेग
Neeche diye gaye vaakya ko Hindi mein anuvaad karein:,Conservation,संरक्षण
Kripya is vaakya ka Hindi anuvaad pradaan karein:,Recoil,प्रतिक्षेप
Is vaakya ko Hindi mein kaise kahenge?,Infinity,अनंत
Diya gaya vaakya Hindi mein badlein:,Mechanical energy,यांत्रिक ऊर्जा
Is vaakya ka Hindi samanarth kya hai?,Kinetic energy,गतिज ऊर्जा
Is vaakya ko Hindi mein anuvaad karein:,Potential energy,स्थितिज ऊर्जा
Kripya neeche diye gaye vaakya ka Hindi roop pradaan karein:,Isolated system,वियुक्त निकाय
Is vaakya ko Hindi mein kaise translate karenge?,First law of thermodynamics,ऊष्मागतिकी का प्रथम नियम
Neeche likha gaya vaakya Hindi mein likhein:,Transformation,रूपांतरण
Is vaakya ka Hindi translation pradaan karein:,Reactant,अभिकारक
Translate the following sentence to Hindi:,Product,उत्पाद
Please provide the Hindi translation for the following sentence:,Indestructible,अविनाशी
How would you say this in Hindi?,Rearrangement,पुनर्व्यवस्था
Convert the given sentence into Hindi:,Exothermic,ऊष्माक्षेपी
What is the Hindi equivalent of this sentence?,Endothermic,ऊष्माशोषी
Translate this sentence into Hindi:,Mass defect,द्रव्यमान-क्षति
Provide the Hindi version of the following:,Numerically,आंकिक रूप से
How do you translate this sentence to Hindi?,Scalar,अदिश
Rewrite the following in Hindi:,Vector,सदिश
Hindi translation of this sentence is required:,Linear,रैखिक
Neeche diye gaye vaakya ko Hindi mein anuvaad karein:,Angular,कोणीय
Kripya is vaakya ka Hindi anuvaad pradaan karein:,Parity,समता
Is vaakya ko Hindi mein kaise kahenge?,Strangeness,विचित्रता
Diya gaya vaakya Hindi mein badlein:,Existence,अस्तित्व
Is vaakya ka Hindi samanarth kya hai?,Symmetry,सममिति
Is vaakya ko Hindi mein anuvaad karein:,Identical,समरूप
Kripya neeche diye gaye vaakya ka Hindi roop pradaan karein:,Translational,स्थानांतरीय
Is vaakya ko Hindi mein kaise translate karenge?,Displacement,विस्थापन
Neeche likha gaya vaakya Hindi mein likhein:,Space and time,दिक्काल
Is vaakya ka Hindi translation pradaan karein:,Isotropy,समदैशिकता
Translate the following sentence to Hindi:,Abstract,अमूर्त
Please provide the Hindi translation for the following sentence:,Concrete,मूर्त
How would you say this in Hindi?,Fundamental unit,मूल मात्रक
Convert the given sentence into Hindi:,Derived unit,व्युत्पन्न मात्रक
What is the Hindi equivalent of this sentence?,Sub-multiples,अपवर्तक
Translate this sentence into Hindi:,Prefix,पूर्वलग्न
Provide the Hindi version of the following:,Thermodynamic temperature,ऊष्मागतिक ताप
How do you translate this sentence to Hindi?,Arbitrarily chosen,स्वेच्छगृहीत
Rewrite the following in Hindi:,Parallax,"लंबन, पैरेलैक्स"
Hindi translation of this sentence is required:,Angular diameter,कोणीय व्यास
Neeche diye gaye vaakya ko Hindi mein anuvaad karein:,Inferior planets,अंतर्ग्रह
Kripya is vaakya ka Hindi anuvaad pradaan karein:,Elongation,प्रसर कोण
Is vaakya ko Hindi mein kaise kahenge?,Astronomical unit,खगोलीय मात्रक
Diya gaya vaakya Hindi mein badlein:,Detector,संसूचक
Is vaakya ka Hindi samanarth kya hai?,Reception,संग्रहण
Is vaakya ko Hindi mein anuvaad karein:,Echo,प्रतिध्वनि
Kripya neeche diye gaye vaakya ka Hindi roop pradaan karein:,Exterior planets,बाह्य ग्रह
Is vaakya ko Hindi mein kaise translate karenge?,Semi major axis,अर्धदीर्घ अक्ष
Neeche likha gaya vaakya Hindi mein likhein:,Orbital period,कक्षीय अवधि
Is vaakya ka Hindi translation pradaan karein:,Resolution,विभेदन
Translate the following sentence to Hindi:,Beam,पुंज
Please provide the Hindi translation for the following sentence:,Tunneling microscopy,सुरंगन सूक्ष्मदर्शिका
How would you say this in Hindi?,Inertial mass,जड़त्वीय द्रव्यमान
Convert the given sentence into Hindi:,Gravitational mass,गुरुत्वीय द्रव्यमान
What is the Hindi equivalent of this sentence?,Significant figures,सार्थक अंक
Translate this sentence into Hindi:,Dimensional formula,विमीय सूत्र
Provide the Hindi version of the following:,Dimensional equation,विमीय समीकरण
How do you translate this sentence to Hindi?,Random errors,यादृच्छिक त्रुटियाँ
Rewrite the following in Hindi:,Least count error,अल्पत्मांक त्रुटियाँ
Hindi translation of this sentence is required:,Portable,सुबाह्य
Neeche diye gaye vaakya ko Hindi mein anuvaad karein:,Revolution,"परिक्रमा, परिक्रमण"
Kripya is vaakya ka Hindi anuvaad pradaan karein:,Path length,पथ लंबाई
Is vaakya ko Hindi mein kaise kahenge?,Coincide,संपाती
Diya gaya vaakya Hindi mein badlein:,Origin,मूल बिदु
Is vaakya ka Hindi samanarth kya hai?,Magnitude,परिमाण
Is vaakya ko Hindi mein anuvaad karein:,Direction,दिशा
Kripya neeche diye gaye vaakya ka Hindi roop pradaan karein:,Rectilinear motion,सरल रेखीय गति
Is vaakya ko Hindi mein kaise translate karenge?,One dimensional motion,एक-विमीय गति
Neeche likha gaya vaakya Hindi mein likhein:,Backward,पश्चगामी
Is vaakya ka Hindi translation pradaan karein:,Forward,अग्रवर्ती
Translate the following sentence to Hindi:,Upward,"ऊर्ध्वगामी, उपरिमुखी"
Please provide the Hindi translation for the following sentence:,Downward,"अधोगामी, अधोमुखी"
How would you say this in Hindi?,Corresponding,तद्नुरूप
Convert the given sentence into Hindi:,Average velocity,औसत वेग
What is the Hindi equivalent of this sentence?,Average speed,औसत चाल
Translate this sentence into Hindi:,Standard notation,मानक अंकन
Provide the Hindi version of the following:,Slope,प्रवणता
How do you translate this sentence to Hindi?,Instantaneous velocity,तात्क्षणिक वेग
Rewrite the following in Hindi:,Infinitesimally small,अनंतः सूक्ष्म
Hindi translation of this sentence is required:,Connecting,संबद्ध
Neeche diye gaye vaakya ko Hindi mein anuvaad karein:,Differential calculus,अवकल गणित
Kripya is vaakya ka Hindi anuvaad pradaan karein:,Differential coefficient,अवकल गुणांक
Is vaakya ko Hindi mein kaise kahenge?,Tangent,स्पर्श रेखा
Diya gaya vaakya Hindi mein badlein:,Limiting process,सीमांत प्रक्रिया
Is vaakya ka Hindi samanarth kya hai?,Data,आंकड़े
Is vaakya ko Hindi mein anuvaad karein:,Exact expression,यथार्थ व्यंजक
Kripya neeche diye gaye vaakya ka Hindi roop pradaan karein:,Function of time,समय का फलन
Is vaakya ko Hindi mein kaise translate karenge?,Inclined plane,नत समतल
Neeche likha gaya vaakya Hindi mein likhein:,Instantaneous acceleration,तात्क्षणिक त्वरण
Is vaakya ka Hindi translation pradaan karein:,Average acceleration,औसत त्वरण
Translate the following sentence to Hindi:,Interesting feature,रोचक लक्षण
Please provide the Hindi translation for the following sentence:,Smooth,निष्कोण
How would you say this in Hindi?,Arithmetic average,अंकीय औसत
Convert the given sentence into Hindi:,Odd number,विषम अंक
What is the Hindi equivalent of this sentence?,Successive interval of time,क्रमिक अंतराल
Translate this sentence into Hindi:,Stopping distance,रोधन दूरी
Provide the Hindi version of the following:,Braking distances,ब्रकिग दूे रियाँ
How do you translate this sentence to Hindi?,Reaction time,प्रतिक्रिया काल
Rewrite the following in Hindi:,Common point,उभयनिष्ठ
Hindi translation of this sentence is required:,Parabola,परवलय
Neeche diye gaye vaakya ko Hindi mein anuvaad karein:,Algebra,बीजगणित
Kripya is vaakya ka Hindi anuvaad pradaan karein:,Products of combustion,दहन उत्पाद
Is vaakya ko Hindi mein kaise kahenge?,Constant direction,नियत दिशा
Diya gaya vaakya Hindi mein badlein:,Stationary lift,स्थिर लिफ्रट
Is vaakya ka Hindi samanarth kya hai?,Observer,प्रेक्षक
Is vaakya ko Hindi mein anuvaad karein:,Kinematic,शुद्ध गतिक
Kripya neeche diye gaye vaakya ka Hindi roop pradaan karein:,Kinematics,शुद्ध गतिकी
Is vaakya ko Hindi mein kaise translate karenge?,Rotation,घूर्णन
Neeche likha gaya vaakya Hindi mein likhein:,Graphical Method,आलेखी विधि
Is vaakya ka Hindi translation pradaan karein:,Analytical method,विश्लेषणात्मक विधि
Translate the following sentence to Hindi:,Scalar Product or dot product,अदिश गुणनफल
Please provide the Hindi translation for the following sentence:,Vector-product or cross product,सदिश गुणनफल
How would you say this in Hindi?,Projectile,प्रक्षेप्य
Convert the given sentence into Hindi:,Uniform circular motion,एकसमान वृत्तीय गति
What is the Hindi equivalent of this sentence?,Directional aspect,दिशात्मक दृष्टिकोण
Translate this sentence into Hindi:,Space,दिक्स्थान
Provide the Hindi version of the following:,Plane,समतल
How do you translate this sentence to Hindi?,Perimeter,परिमाप
Rewrite the following in Hindi:,Absolute value,परम मान
Hindi translation of this sentence is required:,Triangle law of vector addition,सदिशों का योग संबंधी त्रिभुज का नियम
Neeche diye gaye vaakya ko Hindi mein anuvaad karein:,"""Head and Tail"" rule",शीर्ष एवं पुच्छय् नियम
Kripya is vaakya ka Hindi anuvaad pradaan karein:,Position vector,स्थिति सदिश
Is vaakya ko Hindi mein kaise kahenge?,Displacement vector,विस्थापन सदिश
Diya gaya vaakya Hindi mein badlein:,Velocity vector,वेग सदिश
Is vaakya ka Hindi samanarth kya hai?,Acceleration vector,त्वरण सदिश
Is vaakya ko Hindi mein anuvaad karein:,Unit vectors,एकांक सदिश
Kripya neeche diye gaye vaakya ka Hindi roop pradaan karein:,Associative law of vector addition,सदिशों के जोड़ का साहचर्य नियम
Is vaakya ko Hindi mein kaise translate karenge?,Commutative law,क्रम-विनिमेय नियम
Neeche likha gaya vaakya Hindi mein likhein:,Distributive law,वितरण का नियम
Is vaakya ka Hindi translation pradaan karein:,Coincide,संपाती
Translate the following sentence to Hindi:,Equality,समतुल्यता
Please provide the Hindi translation for the following sentence:,Non-zero,शून्येतर
How would you say this in Hindi?,Right hand rule,दक्षिणावर्ती नियम
Convert the given sentence into Hindi:,Trigonometry,त्रिकोणमिति
What is the Hindi equivalent of this sentence?,Co-ordinates,निर्देशांक
Translate this sentence into Hindi:,Angle of elevation,उन्नयन कोण
Provide the Hindi version of the following:,Angle of declination,अवनमन कोण
How do you translate this sentence to Hindi?,Expression,व्यंजक
Rewrite the following in Hindi:,Law of sine,ज्या-नियम
Hindi translation of this sentence is required:,Law of cosine,कोज्या-नियम
Neeche diye gaye vaakya ko Hindi mein anuvaad karein:,Radial,त्रिज्यीय
Kripya is vaakya ka Hindi anuvaad pradaan karein:,Frame of reference,निर्देश-तंत्र
Is vaakya ko Hindi mein kaise kahenge?,Function,फलन
Diya gaya vaakya Hindi mein badlein:,Simultaneous,समकालिक
Is vaakya ka Hindi samanarth kya hai?,Time of flight,उड्डयन काल
Is vaakya ko Hindi mein anuvaad karein:,Cliff,चट्टान
Kripya neeche diye gaye vaakya ka Hindi roop pradaan karein:,Centripetal force,अभिकेद्रं बल
Is vaakya ko Hindi mein kaise translate karenge?,Centripetal acceleration,अभिकेंद्र त्वरण
Neeche likha gaya vaakya Hindi mein likhein:,Time period,आवर्त काल
Is vaakya ka Hindi translation pradaan karein:,Frequency,आवृत्ति
Translate the following sentence to Hindi:,Absolute Alcohol,परिशुद्ध एल्कोहॉल
Please provide the Hindi translation for the following sentence:,Absolute temperature,परमताप
How would you say this in Hindi?,Absolute zero,परमशून्य
Convert the given sentence into Hindi:,Absorption,अवशोषण
What is the Hindi equivalent of this sentence?,Acceleration,त्वरण
Translate this sentence into Hindi:,Acceptor,ग्राही
Provide the Hindi version of the following:,Accumulator,संचायक
How do you translate this sentence to Hindi?,Achiral,इंगिता
Rewrite the following in Hindi:,Acidimetry,अम्लमिति
Hindi translation of this sentence is required:,Activation energy,सक्रियण ऊर्जा
Neeche diye gaye vaakya ko Hindi mein anuvaad karein:,Active mass,सक्रिय संहति
Kripya is vaakya ka Hindi anuvaad pradaan karein:,Activity,सक्रियता
Is vaakya ko Hindi mein kaise kahenge?,Activity coefficient,सक्रिय गुणांक
Diya gaya vaakya Hindi mein badlein:,Acyclic,अचक्रीय
Is vaakya ka Hindi samanarth kya hai?,Addition reaction,संकलन अभिक्रिया
Is vaakya ko Hindi mein anuvaad karein:,Addition polymerization,संकलन बहुलन
Kripya neeche diye gaye vaakya ka Hindi roop pradaan karein:,Adduct,योगोत्पाद
Is vaakya ko Hindi mein kaise translate karenge?,Adiabatic,रूद्धोष्म
Neeche likha gaya vaakya Hindi mein likhein:,Adsorption,अधिशोषण
Is vaakya ka Hindi translation pradaan karein:,Aerosol,"वतिलयन,प्रश्लिष"
Translate the following sentence to Hindi:,Affinity,बंधुत्व
Please provide the Hindi translation for the following sentence:,Aliphatic,स्निग्ध
How would you say this in Hindi?,Anisotropy,अपररूपता
Convert the given sentence into Hindi:,‌‌‌‌‌‌‌‌Alum,फिटकरी
What is the Hindi equivalent of this sentence?,Amalgam,पारदधातु मिश्रण
Translate this sentence into Hindi:,Amorphous,अक्रिस्टलीय
Provide the Hindi version of the following:,Amphiprotic,उभयप्रोटिक
How do you translate this sentence to Hindi?,Amphoteric,उभयधर्मी
Rewrite the following in Hindi:,Anabolism,उपपाचन
Hindi translation of this sentence is required:,Analysis,विश्लेषण
Neeche diye gaye vaakya ko Hindi mein anuvaad karein:,Anion,ॠणायन
Kripya is vaakya ka Hindi anuvaad pradaan karein:,Anisotropy,विषमदैशिकता
Is vaakya ko Hindi mein kaise kahenge?,Annealing,अनिलिन
Diya gaya vaakya Hindi mein badlein:,Anode,धनाग्र
Is vaakya ka Hindi samanarth kya hai?,Anodizing,धनाग्रीकरण
Is vaakya ko Hindi mein anuvaad karein:,Antibonding orbital,प्रति-आबंधन कक्षक
Kripya neeche diye gaye vaakya ka Hindi roop pradaan karein:,Antiknock agent,अपस्फोटरोधी कर्मक
Is vaakya ko Hindi mein kaise translate karenge?,Aqua regia,ऐक्वारेजिया
Neeche likha gaya vaakya Hindi mein likhein:,Aqueous,जलीय
Is vaakya ka Hindi translation pradaan karein:,Aromatic compound,ऐरोमैटिक यौगिक
Translate the following sentence to Hindi:,Aromaticity,ऐरोमैटिकता
Please provide the Hindi translation for the following sentence:,Arsenic,"आर्सेनिक, शंखिया"
How would you say this in Hindi?,Atmospheric aerosol,वायुमंडलीय प्रश्लिष
Convert the given sentence into Hindi:,Atom,परमाणु
What is the Hindi equivalent of this sentence?,Atomicity,परमाण्विकता
Translate this sentence into Hindi:,Atomic number,परमाणु-क्रमांक
Provide the Hindi version of the following:,Atomic weight,परमाणु-भार
How do you translate this sentence to Hindi?,Atomic orbital,परमाणु कक्षक
Rewrite the following in Hindi:,Azeotrope,स्थिरक्वाथी
Hindi translation of this sentence is required:,Bar spectrum,स्तम्भ वर्णक्रम
Neeche diye gaye vaakya ko Hindi mein anuvaad karein:,Base,क्षार
Kripya is vaakya ka Hindi anuvaad pradaan karein:,Base metal,आधार धातु
Is vaakya ko Hindi mein kaise kahenge?,Basic,क्षारीय
Diya gaya vaakya Hindi mein badlein:,Batch process,गण प्रक्रम
Is vaakya ka Hindi samanarth kya hai?,Bimolecular,द्वि-आणुक
Is vaakya ko Hindi mein anuvaad karein:,Bio-chemistry,जैव रसायन
Kripya neeche diye gaye vaakya ka Hindi roop pradaan karein:,Biodegradable,जैव निम्नीकरणीय
Is vaakya ko Hindi mein kaise translate karenge?,Biosynthesis,जैव संश्लेषण
Neeche likha gaya vaakya Hindi mein likhein:,Bitumen,बिटूमेन
Is vaakya ka Hindi translation pradaan karein:,Bivalent,द्विसंयोजक
Translate the following sentence to Hindi:,Blast furnace,वात्या भट्टी
Please provide the Hindi translation for the following sentence:,Blende,ब्लैंड
How would you say this in Hindi?,Bleaching powder,विरंजक चूरा
Convert the given sentence into Hindi:,Bond,"बंध, आबन्ध, बन्धन"
What is the Hindi equivalent of this sentence?,Boiling point,क्वथनांक
Translate this sentence into Hindi:,Brass,पीतल
Provide the Hindi version of the following:,Buffer,बफ़र
How do you translate this sentence to Hindi?,By-product,उपोत्पाद
Rewrite the following in Hindi:,Calcination,निस्तापन
Hindi translation of this sentence is required:,Carbanion,कार्बन-ॠणायन
Neeche diye gaye vaakya ko Hindi mein anuvaad karein:,Carbohydrates,कार्बोहाइड्रेट्स
Kripya is vaakya ka Hindi anuvaad pradaan karein:,Carbonation,कार्बोनेटीकरण
Is vaakya ko Hindi mein kaise kahenge?,Carbon dating,कार्बन दिनांकन
Diya gaya vaakya Hindi mein badlein:,Carcinogen,कैंसरजन
Is vaakya ka Hindi samanarth kya hai?,Carnot cycle,कार्नो चक्र
Is vaakya ko Hindi mein anuvaad karein:,Cast iron,ढलवाँ लोहा
Kripya neeche diye gaye vaakya ka Hindi roop pradaan karein:,Catabolism,अपचय
Is vaakya ko Hindi mein kaise translate karenge?,Catalyst,उत्प्रेरक
Neeche likha gaya vaakya Hindi mein likhein:,Catination,शृंखलन
Is vaakya ka Hindi translation pradaan karein:,Cathode,ऋणाग्र
Translate the following sentence to Hindi:,Cation,धनायन
Please provide the Hindi translation for the following sentence:,Caustic soda,दाहक सोडा
How would you say this in Hindi?,Centrifuge,अपकेंद्रित्र
Convert the given sentence into Hindi:,Ceramics,भृत्तका शिल्प
What is the Hindi equivalent of this sentence?,Chain reaction,शृंखला अभिक्रिया
Translate this sentence into Hindi:,Charcoal,"लकड़ी का कोयला, चारकोल"
Provide the Hindi version of the following:,Chelate,कीलेट
How do you translate this sentence to Hindi?,Chemical bond,रासायनिक बंध
Rewrite the following in Hindi:,Chemiluminescence,रासायनिक स्फुरदीप्ति
Hindi translation of this sentence is required:,Chirality,कीरेलिटी
Neeche diye gaye vaakya ko Hindi mein anuvaad karein:,Chlorination,क्लोरीनीकरण
Kripya is vaakya ka Hindi anuvaad pradaan karein:,Chromatography,वर्णलेखन
Is vaakya ko Hindi mein kaise kahenge?,Clathrate,जालकवत
Diya gaya vaakya Hindi mein badlein:,Clays,चिकनी मिट्टी
Is vaakya ka Hindi samanarth kya hai?,Cleavage,विदलन
Is vaakya ko Hindi mein anuvaad karein:,Coagulation,स्कंदन
Kripya neeche diye gaye vaakya ka Hindi roop pradaan karein:,Coenzyme,सहएंजाइम
Is vaakya ko Hindi mein kaise translate karenge?,Coinage metals,मुद्राधातु
Neeche likha gaya vaakya Hindi mein likhein:,Coke,कोक
Is vaakya ka Hindi translation pradaan karein:,Colligative properties,अपुसंख्य गुणधर्म
Translate the following sentence to Hindi:,Collimator,समांतरित
Please provide the Hindi translation for the following sentence:,Colloid,कोलाइड
How would you say this in Hindi?,Column chromatography,स्तंभ वर्णलेखन
Convert the given sentence into Hindi:,Combustion,दहन
What is the Hindi equivalent of this sentence?,Complex,संकर
Translate this sentence into Hindi:,Component,घटक
Provide the Hindi version of the following:,Compound,यौगिक
How do you translate this sentence to Hindi?,Concentration,सान्द्रण
Rewrite the following in Hindi:,Condensation,संघनन
Hindi translation of this sentence is required:,Conducting polymer,चालक बहुलक
Neeche diye gaye vaakya ko Hindi mein anuvaad karein:,Conductomeric titration,चालकतामूलक अनुमापन
Kripya is vaakya ka Hindi anuvaad pradaan karein:,Configuration,विन्यास
Is vaakya ko Hindi mein kaise kahenge?,Conformation,संपुष्टि
Diya gaya vaakya Hindi mein badlein:,Continuous spectrum,सतत वर्णक्रम
Is vaakya ka Hindi samanarth kya hai?,Coordinate bond,उपसहसंयोजी बंध
Is vaakya ko Hindi mein anuvaad karein:,Coordination number,समन्वय संख्या
Kripya neeche diye gaye vaakya ka Hindi roop pradaan karein:,Copolymerization,सहबहुलीकरण
Is vaakya ko Hindi mein kaise translate karenge?,Corrosion,संक्षारण
Neeche likha gaya vaakya Hindi mein likhein:,Coupling,युग्मन
Is vaakya ka Hindi translation pradaan karein:,Covalent bond,सहसंयोजी आबंध
Translate the following sentence to Hindi:,Covalent radius,सहसंयोजी त्रिज्या
Please provide the Hindi translation for the following sentence:,Cracking,चटकना
How would you say this in Hindi?,Cracking of oil,भंजन
Convert the given sentence into Hindi:,Critical point,क्रांतिक बिन्दु
What is the Hindi equivalent of this sentence?,Cross linkage,आड़ी कड़ी
Translate this sentence into Hindi:,Crude oil,कच्चा तेल
Provide the Hindi version of the following:,Crystal/Crystalline,"क्रिस्टल, क्रिस्टलीय,रवेदार"
How do you translate this sentence to Hindi?,Cupellation,क्यूपेलीकरण
Rewrite the following in Hindi:,Cyclic compound,चक्रीय यौगिक
Hindi translation of this sentence is required:,Cyclisation,चक्रीकरण
Neeche diye gaye vaakya ko Hindi mein anuvaad karein:,Cyclohexane,साइक्लोहेक्सेन
Kripya is vaakya ka Hindi anuvaad pradaan karein:,Dectivation,निष्क्रियकरण
Is vaakya ko Hindi mein kaise kahenge?,Decomposition,अपघटन
Diya gaya vaakya Hindi mein badlein:,Decripitation,"चटक भंजन,कड़कड़न,कड़कड़ाहट"
Is vaakya ka Hindi samanarth kya hai?,Defect,"दोष, त्रुटि, क्षति, कमी"
Is vaakya ko Hindi mein anuvaad karein:,Degenerate,अपभ्रष्ट होना
Kripya neeche diye gaye vaakya ka Hindi roop pradaan karein:,Degradation,"निम्नीकरण, तलावचन, अवकर्षण"
Is vaakya ko Hindi mein kaise translate karenge?,Degree of freedom,"स्वातंत्र्य कोटि, स्वतंत्रता की कोटि"
Neeche likha gaya vaakya Hindi mein likhein:,Dehydration,निर्जलीकरण
Is vaakya ka Hindi translation pradaan karein:,Deliquescent,प्रस्वेदी
Translate the following sentence to Hindi:,Delocalization,अस्थानीकरण
Please provide the Hindi translation for the following sentence:,Denaturation,"विकृतिकरण, गुणनाशन"
How would you say this in Hindi?,Density,घनत्व
Convert the given sentence into Hindi:,Depolaenizer,विध्रुवक
What is the Hindi equivalent of this sentence?,Depolarization,विध्रुवन
Translate this sentence into Hindi:,Depression of freezing point,हिमांक अवनमन
Provide the Hindi version of the following:,Desiccation,जलशुष्कन
How do you translate this sentence to Hindi?,Destructive distillation,भंजक आसवन
Rewrite the following in Hindi:,Detergents,अपमार्जक
Hindi translation of this sentence is required:,Deuterated compound,ड्यूटरित यौगिक
Neeche diye gaye vaakya ko Hindi mein anuvaad karein:,Diagonal relationship,विकर्ण सबंध
Kripya is vaakya ka Hindi anuvaad pradaan karein:,Diamagnetism,प्रतिचुंबकत्व
Is vaakya ko Hindi mein kaise kahenge?,Diatomic,द्विपरमाणुक
Diya gaya vaakya Hindi mein badlein:,Diazotization,डाइएजोरीकरण
Is vaakya ka Hindi samanarth kya hai?,Diffusion,विसरण
Is vaakya ko Hindi mein anuvaad karein:,Dilute,तनु
Kripya neeche diye gaye vaakya ka Hindi roop pradaan karein:,Dimer,द्वितय
Is vaakya ko Hindi mein kaise translate karenge?,Dimorphism,द्विरूपता
Neeche likha gaya vaakya Hindi mein likhein:,Dipole moment,द्विध्रुव आघूर्ण
Is vaakya ka Hindi translation pradaan karein:,Disaccharides,डाइसैकेराइड
Translate the following sentence to Hindi:,Dispersed phase,परिक्षेपित प्रावस्था
Please provide the Hindi translation for the following sentence:,Disproportionation,असमानुपातन
How would you say this in Hindi?,Dissociation,वियोजन
Convert the given sentence into Hindi:,Donor,दाता
What is the Hindi equivalent of this sentence?,Doping,"मादन, अपमिश्रण"
Translate this sentence into Hindi:,Double bond,द्वि-आबंध
Provide the Hindi version of the following:,Double salt,द्वि-लोन
How do you translate this sentence to Hindi?,Dry cell,शुष्क कोश
Rewrite the following in Hindi:,Dye,रंजक
Hindi translation of this sentence is required:,Efficiency,दक्षता
Neeche diye gaye vaakya ko Hindi mein anuvaad karein:,Efflorescence,उत्फुल्लन
Kripya is vaakya ka Hindi anuvaad pradaan karein:,Elastomer,प्रत्यास्थलक
Is vaakya ko Hindi mein kaise kahenge?,Electrochemical equivalent,विद्युतरासायनिक तुल्यांक
Diya gaya vaakya Hindi mein badlein:,Electrochemical series,विद्युतरासायनिक श्रेणी
Is vaakya ka Hindi samanarth kya hai?,Electro chemistry,विद्युतरासायनिकी
Is vaakya ko Hindi mein anuvaad karein:,Electrode,विद्युदग्र
Kripya neeche diye gaye vaakya ka Hindi roop pradaan karein:,Electrode position,विद्युदग्र स्थिति
Is vaakya ko Hindi mein kaise translate karenge?,Electrode potential,विद्युदग्र विभव
Neeche likha gaya vaakya Hindi mein likhein:,Electrolysis,विद्युत-अपघटन
Is vaakya ka Hindi translation pradaan karein:,Electrolyte,विद्युत-अपघट्य
Translate the following sentence to Hindi:,Electron affinity,विद्युदणु बन्धुता
Please provide the Hindi translation for the following sentence:,Electron diffraction,विद्युदणु विवर्तन
How would you say this in Hindi?,Electro negativity,"विद्युतॠणात्मक, ॠणविद्युती"
Convert the given sentence into Hindi:,Electronic transition,इलेक्ट्रानिक संक्रमण
What is the Hindi equivalent of this sentence?,Electron pair,विद्युदणु युग्म
Translate this sentence into Hindi:,Electrophilic,विद्युदणु-स्नेही
Provide the Hindi version of the following:,Electrophilic addition,विद्युदणुस्नेही योग
How do you translate this sentence to Hindi?,Electrophilic substitution,विद्युदणुस्नेही प्रतिस्थापन
Rewrite the following in Hindi:,Electroplating,विद्युत-लेपन
Hindi translation of this sentence is required:,Electrovalent bond,वैद्युतसंयोजक बंध
Neeche diye gaye vaakya ko Hindi mein anuvaad karein:,Element,तत्व
Kripya is vaakya ka Hindi anuvaad pradaan karein:,Elimination reaction,निराकरण क्रियाएँ
Is vaakya ko Hindi mein kaise kahenge?,Elution,क्षालन
Diya gaya vaakya Hindi mein badlein:,Emission reaction,उत्सर्जन स्पेक्ट्रम
Is vaakya ka Hindi samanarth kya hai?,Empirical formula,मूलानुपाती सूत्र
Is vaakya ko Hindi mein anuvaad karein:,Emulsion,"पायस, इमल्शन"
Kripya neeche diye gaye vaakya ka Hindi roop pradaan karein:,Enantiomer,प्रतिबिंब
Is vaakya ko Hindi mein kaise translate karenge?,Enantiotropy,उत्क्रम्यरूपिता
Neeche likha gaya vaakya Hindi mein likhein:,Endothermic,ऊष्माशोषी
Is vaakya ka Hindi translation pradaan karein:,End point,अंत बिंदु
Translate the following sentence to Hindi:,Energy,ऊर्जा
Please provide the Hindi translation for the following sentence:,Energy level,ऊर्जा-स्तर
How would you say this in Hindi?,Energy profile,ऊर्जा-परिच्छेदिका
Convert the given sentence into Hindi:,Enzyme,एन्जाइम
What is the Hindi equivalent of this sentence?,Epimerism,एपीमेरिसम
Translate this sentence into Hindi:,Epoxide,इपॉक्साइड
Provide the Hindi version of the following:,Equilibrium,साम्यावस्था
How do you translate this sentence to Hindi?,Equivalent weight,तुल्यांकी भार
Rewrite the following in Hindi:,Esterification,एस्टरीकरण
Hindi translation of this sentence is required:,Eutectic,गलनक्रांतिक
Neeche diye gaye vaakya ko Hindi mein anuvaad karein:,Evaporation,वाष्पीकरण
Kripya is vaakya ka Hindi anuvaad pradaan karein:,Excited state,उत्तेजित अवस्था
Is vaakya ko Hindi mein kaise kahenge?,Exclusion principle,अपवर्जन सिद्धान्त
Diya gaya vaakya Hindi mein badlein:,Exothermic,ऊष्माक्षेपी
Is vaakya ka Hindi samanarth kya hai?,Explosive,विस्फोटिक
Is vaakya ko Hindi mein anuvaad karein:,Fermentation,किण्वन
Kripya neeche diye gaye vaakya ka Hindi roop pradaan karein:,Filter,"फिल्टर, निस्यंदक"
Is vaakya ko Hindi mein kaise translate karenge?,Filtration,"फिल्टरन, निस्यंदन"
Neeche likha gaya vaakya Hindi mein likhein:,Fine structure,सूक्ष्म संरचना
Is vaakya ka Hindi translation pradaan karein:,Flash photolysis,स्फुर प्रकाशी अपघटन
Translate the following sentence to Hindi:,Flash point,स्फुरांक
Please provide the Hindi translation for the following sentence:,Fluidization,"तरलन, तरलीभवन"
How would you say this in Hindi?,Fluorescence,प्रतिदीप्ती
Convert the given sentence into Hindi:,Fluor-spar,फ्लुओर-स्पार
What is the Hindi equivalent of this sentence?,Fractional distillation,प्रभाजी आसवन
Translate this sentence into Hindi:,Free energy,मुक्त ऊर्जा
Provide the Hindi version of the following:,Free radical,मुक्त मूलक
How do you translate this sentence to Hindi?,Freezing point,हिमांक
Rewrite the following in Hindi:,Froth flotation,फेन प्लवन
Hindi translation of this sentence is required:,Fusion(melting),संलयन
Neeche diye gaye vaakya ko Hindi mein anuvaad karein:,Galvanizing,यशद-लेपन
Kripya is vaakya ka Hindi anuvaad pradaan karein:,Gaugue,"गेज, प्रमापी"
Is vaakya ko Hindi mein kaise kahenge?,Gas chromatography,"गैस वर्णलेखिकी, गैस क्रोमैटोग्राफी"
Diya gaya vaakya Hindi mein badlein:,Gas constant,गैस नियतांक
Is vaakya ka Hindi samanarth kya hai?,Gram equivalent,ग्राम-तुल्यांक
Is vaakya ko Hindi mein anuvaad karein:,Granulation,कणिकायन
Kripya neeche diye gaye vaakya ka Hindi roop pradaan karein:,Gravimetric analysis,भारात्मक विश्लेषण
Is vaakya ko Hindi mein kaise translate karenge?,Ground state,"आद्य अवस्था, निम्नतम अवस्था"
Neeche likha gaya vaakya Hindi mein likhein:,Gun cotton,गन काटन
Is vaakya ka Hindi translation pradaan karein:,Gun metal,गन मेटल
Translate the following sentence to Hindi:,Gun powder,बारूद
Please provide the Hindi translation for the following sentence:,Gypsum,जिप्सम
How would you say this in Hindi?,Halogenation,हैलोजनीकरण
Convert the given sentence into Hindi:,Hardening,"कठोरण, दृढ़ीकरण"
What is the Hindi equivalent of this sentence?,Hardness,कठोरता
Translate this sentence into Hindi:,Hard water,कठोर जल
Provide the Hindi version of the following:,Heat,ऊष्मा
How do you translate this sentence to Hindi?,Heat of atomisation,कणीकरण ऊष्मा
Rewrite the following in Hindi:,Heat of combustion,दहन ऊष्मा
Hindi translation of this sentence is required:,Heat of crystallisation,क्रिस्टलन ऊष्मा
Neeche diye gaye vaakya ko Hindi mein anuvaad karein:,Heat of dissociation,वियोजन ऊष्मा
Kripya is vaakya ka Hindi anuvaad pradaan karein:,Heat of neutralisation,उदासीनीकरण ऊष्मा
Is vaakya ko Hindi mein kaise kahenge?,Heavy water,"भारी जल, गुरू जल"
Diya gaya vaakya Hindi mein badlein:,Heterogenous,विषमांग
Is vaakya ka Hindi samanarth kya hai?,Heterolytic fission,विषमांश विखंडन
Is vaakya ko Hindi mein anuvaad karein:,Homologous,सजात
Kripya neeche diye gaye vaakya ka Hindi roop pradaan karein:,Homolytic fission,समांश विखंडन
Is vaakya ko Hindi mein kaise translate karenge?,Hydrate,हाइड्रेट
Neeche likha gaya vaakya Hindi mein likhein:,Hydration,जलयोजन
Is vaakya ka Hindi translation pradaan karein:,Hydrolysis,जल-अपघटन
Translate the following sentence to Hindi:,Hygroscopic,आर्द्रताग्राही
Please provide the Hindi translation for the following sentence:,Hyperfine structure,अतिसूक्ष्म संरचना
How would you say this in Hindi?,Ideal gas,आदर्श गैस
Convert the given sentence into Hindi:,Indicator,सूचक
What is the Hindi equivalent of this sentence?,Inductive effect,प्रेरणिक प्रभाव
Translate this sentence into Hindi:,Inert gases,अक्रिय गैसें
Provide the Hindi version of the following:,Infrared,अवरक्त
How do you translate this sentence to Hindi?,Inhibitor,निरोधी
Rewrite the following in Hindi:,Insoluble,अविलेय
Hindi translation of this sentence is required:,Instrumentation,यंत्रीय
Neeche diye gaye vaakya ko Hindi mein anuvaad karein:,Intercalation compound,अंतर्निवेशन यौगिक
Kripya is vaakya ka Hindi anuvaad pradaan karein:,Intermolecular,अंतरा-अणुक
Is vaakya ko Hindi mein kaise kahenge?,Internal energy,आंतरिक ऊर्जा
Diya gaya vaakya Hindi mein badlein:,Interstitial,अंतराकाशी
Is vaakya ka Hindi samanarth kya hai?,Immersion,निमज्जन
Is vaakya ko Hindi mein anuvaad karein:,Ion exchange,आयन विनिमय
Kripya neeche diye gaye vaakya ka Hindi roop pradaan karein:,Ionic crystal,आयनी क्रिस्टल
Is vaakya ko Hindi mein kaise translate karenge?,Ionic radius,आयनिक त्रिज्या
Neeche likha gaya vaakya Hindi mein likhein:,Ionization,आयनन
Is vaakya ka Hindi translation pradaan karein:,Isomer,समावयवी
Translate the following sentence to Hindi:,Isomerism,समावयवता
Please provide the Hindi translation for the following sentence:,Isoelectric,समविभव
How would you say this in Hindi?,Isomorphism,समाकृतिका
Convert the given sentence into Hindi:,Isotherm,समताप रेखा
What is the Hindi equivalent of this sentence?,Isotones,समन्यूट्रानिक
Translate this sentence into Hindi:,Isotopes,समस्थानिक
Provide the Hindi version of the following:,Jacket,जैकेट
How do you translate this sentence to Hindi?,Jack screw,जैक पेंच
Rewrite the following in Hindi:,Jelly roll,जेली रोल
Hindi translation of this sentence is required:,Kinetic theory,अणुगतिक सिद्धांत
Neeche diye gaye vaakya ko Hindi mein anuvaad karein:,Label,लेबल
Kripya is vaakya ka Hindi anuvaad pradaan karein:,Labile,परिवर्ती
Is vaakya ko Hindi mein kaise kahenge?,Lamp black,काजल
Diya gaya vaakya Hindi mein badlein:,Lanthanide's,लैन्थानोएड्स
Is vaakya ka Hindi samanarth kya hai?,Abiogenesis,अजीवात् जनन
Is vaakya ko Hindi mein anuvaad karein:,Abiotic,अजैविक
Kripya neeche diye gaye vaakya ka Hindi roop pradaan karein:,Absorption,अवशोषण
Is vaakya ko Hindi mein kaise translate karenge?,Acellular,अकोशिकीय
Neeche likha gaya vaakya Hindi mein likhein:,Adaptation,अनुकूलन
Is vaakya ka Hindi translation pradaan karein:,Algae,शैवाल
Translate the following sentence to Hindi:,Anabolism,उपचय
Please provide the Hindi translation for the following sentence:,Anaerobic,अवायवीय
How would you say this in Hindi?,Androecium,पुमंग
Convert the given sentence into Hindi:,Angiosperm,आवृतबीजी
What is the Hindi equivalent of this sentence?,Anther,परागकोश
Translate this sentence into Hindi:,Antibiotic,प्रतिजैविक
Provide the Hindi version of the following:,Artery,धमनी
How do you translate this sentence to Hindi?,Assimilation,स्वांगीकरण
Rewrite the following in Hindi:,Auricle,आलिंद
Hindi translation of this sentence is required:,Bacteria,जीवाणु
Neeche diye gaye vaakya ko Hindi mein anuvaad karein:,Bark,छाल
Kripya is vaakya ka Hindi anuvaad pradaan karein:,Behavior,व्यवहार
Is vaakya ko Hindi mein kaise kahenge?,Biennial,द्विवर्षीय
Diya gaya vaakya Hindi mein badlein:,Bilateral,द्विपार्श्विक
Is vaakya ka Hindi samanarth kya hai?,Binocular vision,द्विनेत्री दृष्टि
Is vaakya ko Hindi mein anuvaad karein:,Binomial nomenclature,द्विपद-नाम पद्धति
Kripya neeche diye gaye vaakya ka Hindi roop pradaan karein:,Bioaccumulation,जैवसंचयन
Is vaakya ko Hindi mein kaise translate karenge?,Biochemistry,जैवरसायन
Neeche likha gaya vaakya Hindi mein likhein:,Biodegradable,जैवनिम्नीकरण
Is vaakya ka Hindi translation pradaan karein:,Biodiversity,जैवविविधता
Translate the following sentence to Hindi:,Biogenesis,जीवात् जनन
Please provide the Hindi translation for the following sentence:,Blood,रक्त
How would you say this in Hindi?,Blood pressure,रक्त चाप
Convert the given sentence into Hindi:,Bone marrow,अस्थि मज्जा
What is the Hindi equivalent of this sentence?,Brain stem,मस्तिष्क स्तम्भ
Translate this sentence into Hindi:,Cambium,एधा
Provide the Hindi version of the following:,Cell,कोशिका
How do you translate this sentence to Hindi?,Cell division,कोशिका विभाजन
Rewrite the following in Hindi:,Cell wall,कोशिका भित्ति
Hindi translation of this sentence is required:,Central nervous system,केन्द्रीय तन्त्रिका तन्त्र
Neeche diye gaye vaakya ko Hindi mein anuvaad karein:,Centriole,तारक केन्द्र
Kripya is vaakya ka Hindi anuvaad pradaan karein:,Centrosome,तारक काय
Is vaakya ko Hindi mein kaise kahenge?,Cerebellum,अनुमस्तिष्क
Diya gaya vaakya Hindi mein badlein:,Cerebral cortex,प्रमस्तिष्क वल्कुट
Is vaakya ka Hindi samanarth kya hai?,Cerebral hemisphere,प्रमस्तिष्क गोलार्द्ध
Is vaakya ko Hindi mein anuvaad karein:,Cerebrospinal fluid,प्रमस्तिष्कमेरु द्रव
Kripya neeche diye gaye vaakya ka Hindi roop pradaan karein:,Cerebrum,प्रमस्तिष्क
Is vaakya ko Hindi mein kaise translate karenge?,Chordate,रज्जुकी संघ
Neeche likha gaya vaakya Hindi mein likhein:,Chromosome,गुणसूत्र
Is vaakya ka Hindi translation pradaan karein:,Classification,वर्गीकरण
Translate the following sentence to Hindi:,Connective tissue,संयोजी ऊतक
Please provide the Hindi translation for the following sentence:,Cytoplasm,कोशिका द्रव्य
How would you say this in Hindi?,Deciduous,पर्णपाती
Convert the given sentence into Hindi:,Deciduous teeth,पातीदन्त
What is the Hindi equivalent of this sentence?,Decomposition,अपघटन
Translate this sentence into Hindi:,Dicotyledon,द्विबीजपत्री
Provide the Hindi version of the following:,Digestion,पाचन
How do you translate this sentence to Hindi?,Diploid,द्विगुणित
Rewrite the following in Hindi:,Disease,रोग
Hindi translation of this sentence is required:,Diurnal,दिवाचर
Neeche diye gaye vaakya ko Hindi mein anuvaad karein:,D.N.A.,डी ऑक्सी राइबो न्यूक्लिक एसिड
Kripya is vaakya ka Hindi anuvaad pradaan karein:,Ecology,पारिस्थितिकी
Is vaakya ko Hindi mein kaise kahenge?,Ecosystem,पारिस्थितिकी तंत्र
Diya gaya vaakya Hindi mein badlein:,Embryo,भ्रूण
Is vaakya ka Hindi samanarth kya hai?,Embryology,भ्रूणविज्ञान
Is vaakya ko Hindi mein anuvaad karein:,Endocrine gland,अन्तःस्त्रावी ग्रन्थि
Kripya neeche diye gaye vaakya ka Hindi roop pradaan karein:,Endoparasite,अन्तःपरजीवी
Is vaakya ko Hindi mein kaise translate karenge?,Endoplasmic reticulum,अन्तर्द्रव्यी जालिका
Neeche likha gaya vaakya Hindi mein likhein:,Evolution,विकास
Is vaakya ka Hindi translation pradaan karein:,Excretion,उत्सर्जन
Translate the following sentence to Hindi:,Fat,वसा
Please provide the Hindi translation for the following sentence:,Fauna,प्राणिजात
How would you say this in Hindi?,Fertilization,निषेचन
Convert the given sentence into Hindi:,Fibre,"रेशा, तन्तु"
What is the Hindi equivalent of this sentence?,Flora,वनस्पतिजात
Translate this sentence into Hindi:,Fossil,जीवाश्म
Provide the Hindi version of the following:,Fungi,कवक
How do you translate this sentence to Hindi?,Gall bladder,पित्ताशय
Rewrite the following in Hindi:,Galgi body,गाल्गीकाय
Hindi translation of this sentence is required:,Gamete,युग्मक
Neeche diye gaye vaakya ko Hindi mein anuvaad karein:,Gametogenesis,युग्मक जनन
Kripya is vaakya ka Hindi anuvaad pradaan karein:,Gametophyte,युग्मकोद्भिद्
Is vaakya ko Hindi mein kaise kahenge?,Gender,लिंङ्ग
Diya gaya vaakya Hindi mein badlein:,Gene,जीन
Is vaakya ka Hindi samanarth kya hai?,Genus,वंश
Is vaakya ko Hindi mein anuvaad karein:,Germination,अंकुरण
Kripya neeche diye gaye vaakya ka Hindi roop pradaan karein:,Gymnosperm,अनावृतबीजी
Is vaakya ko Hindi mein kaise translate karenge?,Gynoecium,जायांग
Neeche likha gaya vaakya Hindi mein likhein:,Habitat,आवास
Is vaakya ka Hindi translation pradaan karein:,Habituation,वासस्थान
Translate the following sentence to Hindi:,Halophyte,लवणमृदोद्भिद्
Please provide the Hindi translation for the following sentence:,Haploid,अगुणित
How would you say this in Hindi?,Heredity,आनुवांशिक
Convert the given sentence into Hindi:,Homeostasis,समस्थापन
What is the Hindi equivalent of this sentence?,Hybridization,संकरण
Translate this sentence into Hindi:,Hypocotyls,बीजपत्राधार
Provide the Hindi version of the following:,Hypodermis,अधस्त्वक
How do you translate this sentence to Hindi?,Hypothalamus,"हाइपोथैलेमस, अधश्चेतक"
Rewrite the following in Hindi:,Immunity,प्रतिरक्षा
Hindi translation of this sentence is required:,Immunization,प्रतिरक्षीकरण
Neeche diye gaye vaakya ko Hindi mein anuvaad karein:,Immunology,प्रतिरक्षा विज्ञान
Kripya is vaakya ka Hindi anuvaad pradaan karein:,Impulse,आवेग
Is vaakya ko Hindi mein kaise kahenge?,Incubation,ऊष्मायन
Diya gaya vaakya Hindi mein badlein:,Inflorescence,पुष्पवृन्त
Is vaakya ka Hindi samanarth kya hai?,Inheritance,वंशागति
Is vaakya ko Hindi mein anuvaad karein:,Intestine,आन्त्र
Kripya neeche diye gaye vaakya ka Hindi roop pradaan karein:,Invertebrate,अकशेरुकी
Is vaakya ko Hindi mein kaise translate karenge?,Involuntary,अनैच्छिक
Neeche likha gaya vaakya Hindi mein likhein:,Jaw,जबड़ा
Is vaakya ka Hindi translation pradaan karein:,Joint,सन्धि
Translate the following sentence to Hindi:,Juvenile,"बाल, किशोर"
Please provide the Hindi translation for the following sentence:,Karyotype,"केन्द्रक प्ररूप, गुणसूत्र प्ररुप"
How would you say this in Hindi?,Kidney,वृक्क
Convert the given sentence into Hindi:,Larva,डिंभ
What is the Hindi equivalent of this sentence?,Larynx,कंठ
Translate this sentence into Hindi:,Leaf,पर्ण
Provide the Hindi version of the following:,Lichen,शैक
How do you translate this sentence to Hindi?,Ligament,स्नायु
Rewrite the following in Hindi:,Linkage,सहलग्नता
Hindi translation of this sentence is required:,Lipid,लिपि़ड
Neeche diye gaye vaakya ko Hindi mein anuvaad karein:,Living fossil,सजीव जीवाश्म
Kripya is vaakya ka Hindi anuvaad pradaan karein:,Lymph,लसीका
Is vaakya ko Hindi mein kaise kahenge?,Lysosome,"लाइसोसोम, लयनकाय"
Diya gaya vaakya Hindi mein badlein:,Male,नर
Is vaakya ka Hindi samanarth kya hai?,Mastication,चर्वण
Is vaakya ko Hindi mein anuvaad karein:,Maturation,परिपक्वन
Kripya neeche diye gaye vaakya ka Hindi roop pradaan karein:,Meiosis,अर्धसूत्री विभाजन
Is vaakya ko Hindi mein kaise translate karenge?,Membrane,कला
Neeche likha gaya vaakya Hindi mein likhein:,Mesentery,आंत्रसंयोजी
Is vaakya ka Hindi translation pradaan karein:,Mesocarp,मध्यफल भित्ति
Translate the following sentence to Hindi:,Mesoderm,मध्यजनस्तर
Please provide the Hindi translation for the following sentence:,Metabolism,उपापचय
How would you say this in Hindi?,Metamorphosis,कायान्तरण
Convert the given sentence into Hindi:,Microbe,रोगाणु
What is the Hindi equivalent of this sentence?,Microfossil,सूक्ष्म जीवाश्म
Translate this sentence into Hindi:,Mitosis,"सूत्रीविभाजन, समसूत्रण"
Provide the Hindi version of the following:,Monocot,एकबीजपत्री
How do you translate this sentence to Hindi?,Morphology,आकारिकी
Rewrite the following in Hindi:,Muscle,पेशी
Hindi translation of this sentence is required:,Mutation,उत्परिवर्तन
Neeche diye gaye vaakya ko Hindi mein anuvaad karein:,Myopia,निकट दृष्टि दोष
Kripya is vaakya ka Hindi anuvaad pradaan karein:,Necrosis,ऊतकक्षय
Is vaakya ko Hindi mein kaise kahenge?,Nectar,मकरंद
Diya gaya vaakya Hindi mein badlein:,Nerve,तन्त्रिका
Is vaakya ka Hindi samanarth kya hai?,Nerve cord,तन्त्रिका रज्जु
Is vaakya ko Hindi mein anuvaad karein:,Neuron,तन्त्रिका कोशिका
Kripya neeche diye gaye vaakya ka Hindi roop pradaan karein:,Notochord,पृष्ठरज्जु
Is vaakya ko Hindi mein kaise translate karenge?,Nucleus,केन्द्रक
Neeche likha gaya vaakya Hindi mein likhein:,Nutrition,पाचन
Is vaakya ka Hindi translation pradaan karein:,Nymph,"निम्फ, अर्भक"
Translate the following sentence to Hindi:,Oesophagus,"ग्रसिका, ग्रासनली"
Please provide the Hindi translation for the following sentence:,Ooecium,भ्रूणधानी
How would you say this in Hindi?,Oogamy,विषमयुग्मता
Convert the given sentence into Hindi:,Oogenesis,अंडजनन
What is the Hindi equivalent of this sentence?,Oral,मुखीय
Translate this sentence into Hindi:,Organism,जीव
Provide the Hindi version of the following:,Osmoregulation,परासरणनियमन
How do you translate this sentence to Hindi?,Osmosis,परासरण
Rewrite the following in Hindi:,Ovary,अण्डाशय
Hindi translation of this sentence is required:,Oviparous,अण्डज
Neeche diye gaye vaakya ko Hindi mein anuvaad karein:,Ovule,बीजांड
Kripya is vaakya ka Hindi anuvaad pradaan karein:,Ovum,अण्डाणु
Is vaakya ko Hindi mein kaise kahenge?,Oxidation,"आक्सीकरण, उपचयन"
Diya gaya vaakya Hindi mein badlein:,Paedogenesis,शावकीजनन
Is vaakya ka Hindi samanarth kya hai?,Pancreas,अग्न्याशय
Is vaakya ko Hindi mein anuvaad karein:,Parasympathetic nervous system,परानुकंपी तंत्रिका तंत्र
Kripya neeche diye gaye vaakya ka Hindi roop pradaan karein:,Parthenogenesis,अनिषेकजनन
Is vaakya ko Hindi mein kaise translate karenge?,Perennial,बहुवर्षीय
Neeche likha gaya vaakya Hindi mein likhein:,Perianth,परिदल पुंज
Is vaakya ka Hindi translation pradaan karein:,Petal,"दल, पंखुड़ी"
Translate the following sentence to Hindi:,Petaloid,दलाभ
Please provide the Hindi translation for the following sentence:,Petrification,अश्मीभवन
How would you say this in Hindi?,Pharynx,ग्रसनी
Convert the given sentence into Hindi:,Phellogen,कागजन
What is the Hindi equivalent of this sentence?,Phenotype,"समलक्षणी, लक्षणसमष्टि"
Translate this sentence into Hindi:,Phloem,पोषवाह
Provide the Hindi version of the following:,Photorespiration,प्रकाशीय श्वशन
How do you translate this sentence to Hindi?,Photosynthesis,प्रकाशसंश्लेषण
Rewrite the following in Hindi:,Phototaxis,प्रकाशानुचलन
Hindi translation of this sentence is required:,Phototopic Vision,प्रकाशदृक् दृष्टि
Neeche diye gaye vaakya ko Hindi mein anuvaad karein:,Phylum,संघ
Kripya is vaakya ka Hindi anuvaad pradaan karein:,Phycology,शैवाल विज्ञान
Is vaakya ko Hindi mein kaise kahenge?,Physiology,शरीर क्रियाविज्ञान
Diya gaya vaakya Hindi mein badlein:,Pisces,मत्स्य वर्ग
Is vaakya ka Hindi samanarth kya hai?,Placenta,अपरा
Is vaakya ko Hindi mein anuvaad karein:,Pollen,पराग
Kripya neeche diye gaye vaakya ka Hindi roop pradaan karein:,Polyploidy,बहुगुणित
Is vaakya ko Hindi mein kaise translate karenge?,Polyuria,बहुमूत्रता
Neeche likha gaya vaakya Hindi mein likhein:,Primates,"प्राइमेट्स, नरवानर गण"
Is vaakya ka Hindi translation pradaan karein:,Protoplasm,जीवद्रव्य
Translate the following sentence to Hindi:,Pseudopodium,कूटपाद
Please provide the Hindi translation for the following sentence:,Pulse,नाड़ी
How would you say this in Hindi?,Putrification,पूतिभवन
Convert the given sentence into Hindi:,Reflex arc,प्रतिवर्ती चाप
What is the Hindi equivalent of this sentence?,Regeneration,पुनरुद्भवन
Translate this sentence into Hindi:,Reinforcement,प्रबलन
Provide the Hindi version of the following:,Reproduction,प्रजनन
How do you translate this sentence to Hindi?,Reptilia,सरिसृप
Rewrite the following in Hindi:,Response,अनुक्रिया
Hindi translation of this sentence is required:,R.N.A.,राइबो न्यूक्लिक एसिड
Neeche diye gaye vaakya ko Hindi mein anuvaad karein:,Root nodules,मूलग्रंथि
Kripya is vaakya ka Hindi anuvaad pradaan karein:,Roundworms,गोलकृमि
Is vaakya ko Hindi mein kaise kahenge?,Sac,कोष
Diya gaya vaakya Hindi mein badlein:,Saliva,लार
